<?xml version="1.0" encoding="UTF-8"?>
<beans xmlns="http://www.springframework.org/schema/beans"
	xmlns:xsi="http://www.w3.org/2001/XMLSchema-instance" xmlns:context="http://www.springframework.org/schema/context"
	xmlns:aop="http://www.springframework.org/schema/aop" xmlns:tx="http://www.springframework.org/schema/tx"
	xsi:schemaLocation="
      		http://www.springframework.org/schema/beans
       		http://www.springframework.org/schema/beans/spring-beans.xsd
       		http://www.springframework.org/schema/context
       		http://www.springframework.org/schema/context/spring-context.xsd
			http://www.springframework.org/schema/tx
			http://www.springframework.org/schema/tx/spring-tx.xsd
			http://www.springframework.org/schema/aop
			http://www.springframework.org/schema/aop/spring-aop.xsd">

	<!-- 定义Hibernate的SessionFactory -->
	<bean id="sessionFactory"
		class="org.springframework.orm.hibernate3.LocalSessionFactoryBean">

		<!-- 依赖注入数据源，注入正是上面定义的dataSource -->
		<property name="dataSource">
			<ref bean="dataSource"></ref>
		</property>

		<!-- 定义Hibernate的SessionFactory的属性 -->
		<property name="hibernateProperties">
			<props>
				<!-- 指定数据库方言 -->
				<prop key="hibernate.dialect">
					org.hibernate.dialect.MySQLDialect
				</prop>
				<prop key="hibernate.show_sql">true</prop>
				<prop key="hibernate.hbm2ddl.auto">update</prop>
			</props>
		</property>

		<!-- mappingResouces属性用来列出全部映射文件 -->
		<property name="mappingResources">
			<list>
				<!-- 以下用来列出Hibernate映射文件 -->
				<value>com/etc/entity/Person.hbm.xml</value>
			</list>
		</property>
	</bean>

	<!-- 定义数据源Bean，使用dbcp数据源实现 -->
	<bean id="dataSource" class="org.apache.commons.dbcp.BasicDataSource">
		<property name="driverClassName" value="com.mysql.jdbc.Driver"></property>
		<property name="url" value="jdbc:mysql://localhost:3306/text"></property>
		<property name="username" value="root"></property>
		<property name="password" value="123456"></property>
	</bean>



</beans>